<?xml version="1.0" encoding="UTF-8"?>
<!DOCTYPE mapper PUBLIC "-//mybatis.org//DTD Mapper 3.0//EN" "http://mybatis.org/dtd/mybatis-3-mapper.dtd">
<mapper namespace="com.itmuch.usercenter.dao.user.UserMapper">
  <resultMap id="BaseResultMap" type="com.itmuch.usercenter.domain.entity.user.User">
    <!--
      WARNING - @mbg.generated
    -->
    <id column="id" jdbcType="INTEGER" property="id" />
    <result column="wx_id" jdbcType="VARCHAR" property="wxId" />
    <result column="wx_nickname" jdbcType="VARCHAR" property="wxNickname" />
    <result column="roles" jdbcType="VARCHAR" property="roles" />
    <result column="avatar_url" jdbcType="VARCHAR" property="avatarUrl" />
    <result column="create_time" jdbcType="TIMESTAMP" property="createTime" />
    <result column="update_time" jdbcType="TIMESTAMP" property="updateTime" />
    <result column="bonus" jdbcType="INTEGER" property="bonus" />
  </resultMap>
</mapper>