<?xml version="1.0" encoding="UTF-8"?>
<!DOCTYPE mapper PUBLIC "-//mybatis.org//DTD Mapper 3.0//EN" "http://mybatis.org/dtd/mybatis-3-mapper.dtd">
<mapper namespace="com.itmuch.usercenter.dao.bonus.BonusEventLogMapper">
  <resultMap id="BaseResultMap" type="com.itmuch.usercenter.domain.entity.bonus.BonusEventLog">
    <!--
      WARNING - @mbg.generated
    -->
    <id column="id" jdbcType="INTEGER" property="id" />
    <result column="user_id" jdbcType="INTEGER" property="userId" />
    <result column="value" jdbcType="INTEGER" property="value" />
    <result column="event" jdbcType="VARCHAR" property="event" />
    <result column="create_time" jdbcType="TIMESTAMP" property="createTime" />
    <result column="description" jdbcType="VARCHAR" property="description" />
  </resultMap>
</mapper>